{
  "__type__": "cc.AnimationClip",
  "_name": "enemy",
  "_objFlags": 0,
  "_native": "",
  "_duration": 0.18333333333333332,
  "sample": 60,
  "speed": 1,
  "wrapMode": "2",
  "curveData": {
    "comps": {
      "cc.Sprite": {
        "spriteFrame": [
          {
            "frame": 0,
            "value": {
              "__uuid__": "06f04aac-1611-4b7e-9868-370233cb6e41"
            }
          },
          {
            "frame": 0.08333333333333333,
            "value": {
              "__uuid__": "7e4254b1-f1dc-4499-bb91-2b660ea826cf"
            }
          },
          {
            "frame": 0.16666666666666666,
            "value": {
              "__uuid__": "3b07f811-ba81-4852-a13a-0690f71e5eb4"
            }
          }
        ]
      }
    }
  },
  "events": []
}