{
  "9836134e-b892-4283-b6b2-78b5acf3ed45": {
    "asset": 1650350738725,
    "meta": 1653380217825,
    "relativePath": "effects"
  },
  "f8e6b000-5643-4b86-9080-aa680ce1f599": {
    "asset": 1650350738763,
    "meta": 1653380217826,
    "relativePath": "image"
  },
  "5c3eedba-6c41-4c0c-9ba7-d91f813cbd1c": {
    "asset": 1650350738766,
    "meta": 1653380217827,
    "relativePath": "materials"
  },
  "fc09f9bd-2cce-4605-b630-8145ef809ed6": {
    "asset": 1650350738772,
    "meta": 1653380217828,
    "relativePath": "misc"
  },
  "db019bf7-f71c-4111-98cf-918ea180cb48": {
    "asset": 1650350738796,
    "meta": 1653380217829,
    "relativePath": "model"
  },
  "f6e6dd15-71d1-4ffe-ace7-24fd39942c05": {
    "asset": 1650350738802,
    "meta": 1653380217830,
    "relativePath": "obsolete"
  },
  "f743d2b6-b7ea-4c14-a55b-547ed4d0a045": {
    "asset": 1650350738808,
    "meta": 1653380217831,
    "relativePath": "particle"
  },
  "ae6c6c98-11e4-452f-8758-75f5c6a56e83": {
    "asset": 1650350738868,
    "meta": 1653380217832,
    "relativePath": "prefab"
  },
  "d8afc78c-4eac-4a9f-83dd-67bc70344d33": {
    "asset": 1650350738898,
    "meta": 1653380217834,
    "relativePath": "resources"
  },
  "abc2cb62-7852-4525-a90d-d474487b88f2": {
    "asset": 1650350738716,
    "meta": 1653380217979,
    "relativePath": "effects\\builtin-phong.effect"
  },
  "e2f00085-c597-422d-9759-52c360279106": {
    "asset": 1650350738719,
    "meta": 1653380218046,
    "relativePath": "effects\\builtin-toon.effect"
  },
  "430eccbf-bf2c-4e6e-8c0c-884bbb487f32": {
    "asset": 1650350738720,
    "meta": 1653380218058,
    "relativePath": "effects\\__builtin-editor-gizmo-line.effect"
  },
  "6c5cf6e1-b044-4eac-9431-835644d57381": {
    "asset": 1650350738722,
    "meta": 1653380218067,
    "relativePath": "effects\\__builtin-editor-gizmo-unlit.effect"
  },
  "115286d1-2e10-49ee-aab4-341583f607e8": {
    "asset": 1650350738724,
    "meta": 1653380218100,
    "relativePath": "effects\\__builtin-editor-gizmo.effect"
  },
  "e39e96e6-6f6e-413f-bcf1-ac7679bb648a": {
    "asset": 1650350738792,
    "meta": 1653380218181,
    "relativePath": "model\\prefab"
  },
  "e851e89b-faa2-4484-bea6-5c01dd9f06e2": {
    "asset": 1650350738731,
    "meta": 1653380218154,
    "relativePath": "image\\default_btn_normal.png"
  },
  "d81ec8ad-247c-4e62-aa3c-d35c4193c7af": {
    "asset": 1650350738736,
    "meta": 1653380218160,
    "relativePath": "image\\default_panel.png"
  },
  "edd215b9-2796-4a05-aaf5-81f96c9281ce": {
    "asset": 1650350738734,
    "meta": 1653380218164,
    "relativePath": "image\\default_editbox_bg.png"
  },
  "600301aa-3357-4a10-b086-84f011fa32ba": {
    "asset": 1650350738728,
    "meta": 1653380218168,
    "relativePath": "image\\default-particle.png"
  },
  "71561142-4c83-4933-afca-cb7a17f67053": {
    "asset": 1650350738730,
    "meta": 1653380218172,
    "relativePath": "image\\default_btn_disabled.png"
  },
  "cfef78f1-c8df-49b7-8ed0-4c953ace2621": {
    "asset": 1650350738737,
    "meta": 1653380218176,
    "relativePath": "image\\default_progressbar.png"
  },
  "567dcd80-8bf4-4535-8a5a-313f1caf078a": {
    "asset": 1650350738741,
    "meta": 1653380218180,
    "relativePath": "image\\default_radio_button_off.png"
  },
  "9d60001f-b5f4-4726-a629-2659e3ded0b8": {
    "asset": 1650350738743,
    "meta": 1653380218184,
    "relativePath": "image\\default_radio_button_on.png"
  },
  "b43ff3c2-02bb-4874-81f7-f2dea6970f18": {
    "asset": 1650350738732,
    "meta": 1653380218198,
    "relativePath": "image\\default_btn_pressed.png"
  },
  "0291c134-b3da-4098-b7b5-e397edbe947f": {
    "asset": 1650350738745,
    "meta": 1653380218201,
    "relativePath": "image\\default_scrollbar.png"
  },
  "c4480a0a-6ac5-443f-8b40-361a14257fc8": {
    "asset": 1650350738765,
    "meta": 1653380218650,
    "relativePath": "materials\\builtin-phong.mtl"
  },
  "897ef7a1-4860-4f64-968d-f5924b18668a": {
    "asset": 1650350738811,
    "meta": 1653380218228,
    "relativePath": "prefab\\2d-camera.prefab"
  },
  "99170b0b-d210-46f1-b213-7d9e3f23098a": {
    "asset": 1650350738739,
    "meta": 1653380218205,
    "relativePath": "image\\default_progressbar_bg.png"
  },
  "70bbeb73-6dc2-4ee4-8faf-76b3a0e34ec4": {
    "asset": 1650350738816,
    "meta": 1653380218232,
    "relativePath": "prefab\\3d-particle.prefab"
  },
  "a3ee0214-b432-4865-9666-4a3211814282": {
    "asset": 1650350738839,
    "meta": 1653380218233,
    "relativePath": "prefab\\light"
  },
  "d6d3ca85-4681-47c1-b5dd-d036a9d39ea2": {
    "asset": 1650350738749,
    "meta": 1653380218208,
    "relativePath": "image\\default_scrollbar_vertical.png"
  },
  "70d7cdb0-04cd-41bb-9480-c06a4785f386": {
    "asset": 1650350738814,
    "meta": 1653380218235,
    "relativePath": "prefab\\3d-camera.prefab"
  },
  "972b9a4d-47ee-4c74-b5c3-61d8a69bc29f": {
    "asset": 1650350738821,
    "meta": 1653380218238,
    "relativePath": "prefab\\button.prefab"
  },
  "4bab67cb-18e6-4099-b840-355f0473f890": {
    "asset": 1650350738746,
    "meta": 1653380218212,
    "relativePath": "image\\default_scrollbar_bg.png"
  },
  "2c937608-2562-40ea-b264-7395df6f0cea": {
    "asset": 1650350738824,
    "meta": 1653380218241,
    "relativePath": "prefab\\canvas.prefab"
  },
  "ed88f13d-fcad-4848-aa35-65a2cb973584": {
    "asset": 1650350738818,
    "meta": 1653380218243,
    "relativePath": "prefab\\3d-stage.prefab"
  },
  "6e056173-d285-473c-b206-40a7fff5386e": {
    "asset": 1650350738754,
    "meta": 1653380218215,
    "relativePath": "image\\default_sprite.png"
  },
  "61aeb05b-3b32-452b-8eed-2b76deeed554": {
    "asset": 1650350738825,
    "meta": 1653380218246,
    "relativePath": "prefab\\editbox.prefab"
  },
  "27756ebb-3d33-44b0-9b96-e858fadd4dd4": {
    "asset": 1650350738827,
    "meta": 1653380218250,
    "relativePath": "prefab\\label.prefab"
  },
  "617323dd-11f4-4dd3-8eec-0caf6b3b45b9": {
    "asset": 1650350738752,
    "meta": 1653380218217,
    "relativePath": "image\\default_scrollbar_vertical_bg.png"
  },
  "785a442c-3ceb-45be-a46e-7317f625f3b9": {
    "asset": 1650350738829,
    "meta": 1653380218253,
    "relativePath": "prefab\\layout.prefab"
  },
  "ca8401fe-ad6e-41a8-bd46-8e3e4e9945be": {
    "asset": 1650350738840,
    "meta": 1653380218257,
    "relativePath": "prefab\\pageview.prefab"
  },
  "0275e94c-56a7-410f-bd1a-fc7483f7d14a": {
    "asset": 1650350738756,
    "meta": 1653380218222,
    "relativePath": "image\\default_sprite_splash.png"
  },
  "5965ffac-69da-4b55-bcde-9225d0613c28": {
    "asset": 1650350738844,
    "meta": 1653380218262,
    "relativePath": "prefab\\progressBar.prefab"
  },
  "cd33edea-55f5-46c2-958d-357a01384a36": {
    "asset": 1650350738842,
    "meta": 1653380218266,
    "relativePath": "prefab\\particlesystem.prefab"
  },
  "4a37dd57-78cd-4cec-aad4-f11a73d12b63": {
    "asset": 1650350738846,
    "meta": 1653380218269,
    "relativePath": "prefab\\richtext.prefab"
  },
  "32044bd2-481f-4cf1-a656-e2b2fb1594eb": {
    "asset": 1650350738849,
    "meta": 1653380218272,
    "relativePath": "prefab\\scrollview.prefab"
  },
  "0004d1cf-a0ad-47d8-ab17-34d3db9d35a3": {
    "asset": 1650350738851,
    "meta": 1653380218275,
    "relativePath": "prefab\\slider.prefab"
  },
  "96083d03-c332-4a3f-9386-d03e2d19e8ee": {
    "asset": 1650350738853,
    "meta": 1653380218293,
    "relativePath": "prefab\\sprite.prefab"
  },
  "294c1663-4adf-4a1e-a795-53808011a38a": {
    "asset": 1650350738897,
    "meta": 1653380218297,
    "relativePath": "resources\\effects"
  },
  "bbee2217-c261-49bd-a8ce-708d6bcc3500": {
    "asset": 1650350738916,
    "meta": 1653380218300,
    "relativePath": "resources\\materials"
  },
  "1f55e3be-b89b-4b79-88de-47fd31018044": {
    "asset": 1650350738854,
    "meta": 1653380218326,
    "relativePath": "prefab\\sprite_splash.prefab"
  },
  "7de03a80-4457-438d-95a7-3e7cdffd6086": {
    "asset": 1650350738856,
    "meta": 1653380218334,
    "relativePath": "prefab\\tiledmap.prefab"
  },
  "c25b9d50-c8fc-4d27-beeb-6e7c1f2e5c0f": {
    "asset": 1650350738759,
    "meta": 1653380218295,
    "relativePath": "image\\default_toggle_disabled.png"
  },
  "0e42ba95-1fa1-46aa-b2cf-143cd1bcee2c": {
    "asset": 1650350738858,
    "meta": 1653380218338,
    "relativePath": "prefab\\tiledtile.prefab"
  },
  "0d784963-d024-4ea6-a7db-03be0ad63010": {
    "asset": 1650350738860,
    "meta": 1653380218341,
    "relativePath": "prefab\\toggle.prefab"
  },
  "d1b8be49-b0a0-435c-83b7-552bed4bbe35": {
    "asset": 1650350738863,
    "meta": 1653380218343,
    "relativePath": "prefab\\toggleGroup.prefab"
  },
  "73a0903d-d80e-4e3c-aa67-f999543c08f5": {
    "asset": 1650350738757,
    "meta": 1653380218298,
    "relativePath": "image\\default_toggle_checkmark.png"
  },
  "bf0a434c-84dd-4a8e-a08a-7a36f180cc75": {
    "asset": 1650350738861,
    "meta": 1653380218346,
    "relativePath": "prefab\\toggleContainer.prefab"
  },
  "232d2782-c4bd-4bb4-9e01-909f03d6d3b9": {
    "asset": 1650350738865,
    "meta": 1653380218349,
    "relativePath": "prefab\\videoplayer.prefab"
  },
  "d29077ba-1627-4a72-9579-7b56a235340c": {
    "asset": 1650350738761,
    "meta": 1653380218328,
    "relativePath": "image\\default_toggle_normal.png"
  },
  "30682f87-9f0d-4f17-8a44-72863791461b": {
    "asset": 1650350738873,
    "meta": 1653380218367,
    "relativePath": "resources\\effects\\builtin-2d-graphics.effect"
  },
  "144c3297-af63-49e8-b8ef-1cfa29b3be28": {
    "asset": 1650350738875,
    "meta": 1653380218381,
    "relativePath": "resources\\effects\\builtin-2d-gray-sprite.effect"
  },
  "b181c1e4-0a72-4a91-bfb0-ae6f36ca60bd": {
    "asset": 1650350738762,
    "meta": 1653380218331,
    "relativePath": "image\\default_toggle_pressed.png"
  },
  "2be36297-9abb-4fee-8049-9ed5e271da8a": {
    "asset": 1650350738771,
    "meta": 1653380218383,
    "relativePath": "misc\\default_video.mp4"
  },
  "f18742d7-56d2-4eb5-ae49-2d9d710b37c8": {
    "asset": 1650350738877,
    "meta": 1653380218395,
    "relativePath": "resources\\effects\\builtin-2d-label.effect"
  },
  "0e93aeaa-0b53-4e40-b8e0-6268b4e07bd7": {
    "asset": 1650350738879,
    "meta": 1653380218407,
    "relativePath": "resources\\effects\\builtin-2d-spine.effect"
  },
  "d0a82d39-bede-46c4-b698-c81ff0dedfff": {
    "asset": 1650350738807,
    "meta": 1653380218336,
    "relativePath": "particle\\atom.png"
  },
  "2874f8dd-416c-4440-81b7-555975426e93": {
    "asset": 1650350738881,
    "meta": 1653380218418,
    "relativePath": "resources\\effects\\builtin-2d-sprite.effect"
  },
  "829a282c-b049-4019-bd38-5ace8d8a6417": {
    "asset": 1650350738883,
    "meta": 1653380218504,
    "relativePath": "resources\\effects\\builtin-3d-particle.effect"
  },
  "2a7c0036-e0b3-4fe1-8998-89a54b8a2bec": {
    "asset": 1650350738886,
    "meta": 1653380218527,
    "relativePath": "resources\\effects\\builtin-3d-trail.effect"
  },
  "8c5001fd-07ee-4a4b-a8a0-63e15195e94d": {
    "asset": 1650350738867,
    "meta": 1653380218530,
    "relativePath": "prefab\\webview.prefab"
  },
  "c0040c95-c57f-49cd-9cbc-12316b73d0d4": {
    "asset": 1650350738887,
    "meta": 1653380218538,
    "relativePath": "resources\\effects\\builtin-clear-stencil.effect"
  },
  "a87cc147-01b2-43f8-8e42-a7ca90b0c757": {
    "asset": 1650350738776,
    "meta": 1653380218540,
    "relativePath": "model\\prefab\\box.prefab"
  },
  "6d91e591-4ce0-465c-809f-610ec95019c6": {
    "asset": 1650350738896,
    "meta": 1653380218555,
    "relativePath": "resources\\effects\\builtin-unlit.effect"
  },
  "8a96b965-2dc0-4e03-aa90-3b79cb93b5b4": {
    "asset": 1650350738802,
    "meta": 1653380218351,
    "relativePath": "obsolete\\atom.png"
  },
  "fe1417b6-fe6b-46a4-ae7c-9fd331f33a2a": {
    "asset": 1650350738778,
    "meta": 1653380218557,
    "relativePath": "model\\prefab\\capsule.prefab"
  },
  "1c5e4038-953a-44c2-b620-0bbfc6170477": {
    "asset": 1650350738782,
    "meta": 1653380218559,
    "relativePath": "model\\prefab\\cylinder.prefab"
  },
  "b5fc2cf2-7942-483d-be1f-bbeadc4714ad": {
    "asset": 1650350738780,
    "meta": 1653380218562,
    "relativePath": "model\\prefab\\cone.prefab"
  },
  "3f376125-a699-40ca-ad05-04d662eaa1f2": {
    "asset": 1650350738784,
    "meta": 1653380218567,
    "relativePath": "model\\prefab\\plane.prefab"
  },
  "de510076-056b-484f-b94c-83bef217d0e1": {
    "asset": 1650350738791,
    "meta": 1653380218571,
    "relativePath": "model\\prefab\\torus.prefab"
  },
  "61906da3-7003-4bda-9abc-5769c76faee4": {
    "asset": 1650350738833,
    "meta": 1653380218573,
    "relativePath": "prefab\\light\\ambient.prefab"
  },
  "0cf30284-9073-46bc-9eba-e62b69dbbff3": {
    "asset": 1650350738837,
    "meta": 1653380218575,
    "relativePath": "prefab\\light\\point.prefab"
  },
  "ddb99b39-7004-47cd-9705-751905c43c46": {
    "asset": 1650350738835,
    "meta": 1653380218577,
    "relativePath": "prefab\\light\\directional.prefab"
  },
  "6c9ef10d-b479-420b-bfe6-39cdda6a8ae0": {
    "asset": 1650350738786,
    "meta": 1653380218578,
    "relativePath": "model\\prefab\\quad.prefab"
  },
  "f5331fd2-bf42-4ee3-a3fd-3e1657600eff": {
    "asset": 1650350738838,
    "meta": 1653380218580,
    "relativePath": "prefab\\light\\spot.prefab"
  },
  "2d9a4b85-b0ab-4c46-84c5-18f393ab2058": {
    "asset": 1650350738789,
    "meta": 1653380218582,
    "relativePath": "model\\prefab\\sphere.prefab"
  },
  "a153945d-2511-4c14-be7b-05d242f47d57": {
    "asset": 1650350738902,
    "meta": 1653380218676,
    "relativePath": "resources\\materials\\builtin-2d-graphics.mtl"
  },
  "3a7bb79f-32fd-422e-ada2-96f518fed422": {
    "asset": 1650350738903,
    "meta": 1653380218677,
    "relativePath": "resources\\materials\\builtin-2d-gray-sprite.mtl"
  },
  "e02d87d4-e599-4d16-8001-e14891ac6506": {
    "asset": 1650350738905,
    "meta": 1653380218678,
    "relativePath": "resources\\materials\\builtin-2d-label.mtl"
  },
  "7afd064b-113f-480e-b793-8817d19f63c3": {
    "asset": 1650350738906,
    "meta": 1653380218679,
    "relativePath": "resources\\materials\\builtin-2d-spine.mtl"
  },
  "6f801092-0c37-4f30-89ef-c8d960825b36": {
    "asset": 1650350738899,
    "meta": 1653380218681,
    "relativePath": "resources\\materials\\builtin-2d-base.mtl"
  },
  "432fa09c-cf03-4cff-a186-982604408a07": {
    "asset": 1650350738910,
    "meta": 1653380218682,
    "relativePath": "resources\\materials\\builtin-3d-particle.mtl"
  },
  "eca5d2f2-8ef6-41c2-bbe6-f9c79d09c432": {
    "asset": 1650350738909,
    "meta": 1653380218683,
    "relativePath": "resources\\materials\\builtin-2d-sprite.mtl"
  },
  "cf7e0bb8-a81c-44a9-ad79-d28d43991032": {
    "asset": 1650350738914,
    "meta": 1653380218684,
    "relativePath": "resources\\materials\\builtin-clear-stencil.mtl"
  },
  "466d4f9b-e5f4-4ea8-85d5-3c6e9a65658a": {
    "asset": 1650350738911,
    "meta": 1653380218685,
    "relativePath": "resources\\materials\\builtin-3d-trail.mtl"
  },
  "2a296057-247c-4a1c-bbeb-0548b6c98650": {
    "asset": 1650350738915,
    "meta": 1653380218686,
    "relativePath": "resources\\materials\\builtin-unlit.mtl"
  },
  "b8223619-7e38-47c4-841f-9160c232495a": {
    "asset": 1650350738799,
    "meta": 1653380218719,
    "relativePath": "obsolete\\atom.plist"
  },
  "b2687ac4-099e-403c-a192-ff477686f4f5": {
    "asset": 1650350738805,
    "meta": 1653380218721,
    "relativePath": "particle\\atom.plist"
  },
  "954fec8b-cd16-4bb9-a3b7-7719660e7558": {
    "asset": 1650350738795,
    "meta": 1653380220696,
    "relativePath": "model\\primitives.fbx"
  },
  "b0ee6da4-e76c-4c56-baa8-0fc4875273ca": {
    "asset": 1653380204687,
    "meta": 1653380220733,
    "relativePath": "Animation"
  },
  "acd33ab7-9b9a-4c14-b74c-482dee22788b": {
    "asset": 1653380204798,
    "meta": 1653380220734,
    "relativePath": "Atlas"
  },
  "00388232-6e1e-4d7e-ac52-579db9f42ff0": {
    "asset": 1653380204958,
    "meta": 1653380220735,
    "relativePath": "migration"
  },
  "5c450a4b-048a-4182-81c3-163f773d0e37": {
    "asset": 1653380204852,
    "meta": 1653380220736,
    "relativePath": "Prefab"
  },
  "0d4589dc-49a5-4963-845a-ef51a1108045": {
    "asset": 1653380204869,
    "meta": 1653380220737,
    "relativePath": "Scene"
  },
  "c95dec8d-541f-4f1b-aafe-ad938c3781a6": {
    "asset": 1653380204941,
    "meta": 1653380220738,
    "relativePath": "Script"
  },
  "6ea32646-8cab-428a-8cde-9205ede4dcc8": {
    "asset": 1653380204732,
    "meta": 1653380221048,
    "relativePath": "Atlas\\bullet.plist"
  },
  "13fecd43-f661-4072-94b0-cd9e863bc9f4": {
    "asset": 1653380204757,
    "meta": 1653380221051,
    "relativePath": "Atlas\\enemy.plist"
  },
  "78d6c1b9-a06e-4579-9356-572a84972110": {
    "asset": 1653380204955,
    "meta": 1653380220794,
    "relativePath": "migration\\use_reversed_rotateTo.js"
  },
  "aeed1f6e-e7f7-458b-bf63-74ef657fd563": {
    "asset": 1653380204884,
    "meta": 1653380220827,
    "relativePath": "Script\\Bullet.ts"
  },
  "e1c1f3d5-37ba-4141-8734-8b2c7bf652db": {
    "asset": 1653380204911,
    "meta": 1653380220862,
    "relativePath": "Script\\enemy.ts"
  },
  "0b9080bb-f9dd-4998-93dc-15206655d5a7": {
    "asset": 1653380204924,
    "meta": 1653380220880,
    "relativePath": "Script\\enemyManager.ts"
  },
  "8d82e78a-04be-42e0-8893-b90f6bc2d45b": {
    "asset": 1653380204649,
    "meta": 1653380220882,
    "relativePath": "Animation\\enemy.anim"
  },
  "5c9f0f0b-ebd0-4c83-b116-e62e93608846": {
    "asset": 1653380204662,
    "meta": 1653380220930,
    "relativePath": "Animation\\idle.anim"
  },
  "34e782c4-dde3-40ae-a6d5-7db11a398e80": {
    "asset": 1653380204783,
    "meta": 1653380221062,
    "relativePath": "Atlas\\rockman.plist"
  },
  "90676d0d-001d-495c-ad75-ae893e53d0ec": {
    "asset": 1653380204937,
    "meta": 1653380220941,
    "relativePath": "Script\\score.ts"
  },
  "630c507c-1604-40bf-9c90-ce0a8ac2a8b2": {
    "asset": 1653380455756,
    "meta": 1653380455764,
    "relativePath": "Animation\\reborn.anim"
  },
  "741e217d-9be4-4776-8d04-51f7defffa0f": {
    "asset": 1653380204825,
    "meta": 1653380220944,
    "relativePath": "Prefab\\enemy.prefab"
  },
  "d9062661-1a21-4b0c-8c0f-496698ebcc38": {
    "asset": 1653380204813,
    "meta": 1653380220946,
    "relativePath": "Prefab\\bullet.prefab"
  },
  "a475eee2-4794-4c87-ab2a-5b4538d10404": {
    "asset": 1653380204639,
    "meta": 1653380220948,
    "relativePath": "Animation\\bullet.anim"
  },
  "b6db297c-ea10-4a08-8da5-6e291803ef2d": {
    "asset": 1653380204837,
    "meta": 1653380220950,
    "relativePath": "Prefab\\enemyManager.prefab"
  },
  "3d3a440f-6f38-404a-b6ca-ad79ab624efe": {
    "asset": 1653380204850,
    "meta": 1653380220952,
    "relativePath": "Prefab\\player.prefab"
  },
  "1ef41305-1149-408a-9fdf-a28faea587bd": {
    "asset": 1653380204685,
    "meta": 1653380220954,
    "relativePath": "Animation\\shoot.anim"
  },
  "92c57640-1fec-4b67-b203-3333a881d422": {
    "asset": 1653381040401,
    "meta": 1653381040410,
    "relativePath": "Scene\\rockmanDemo.fire"
  },
  "1b960438-2200-4dbb-bcac-86d5eeaccb1d": {
    "asset": 1653380204770,
    "meta": 1653380220977,
    "relativePath": "Atlas\\enemy.png"
  },
  "9ce85b3e-066f-4845-b2af-ed169937067a": {
    "asset": 1653380204745,
    "meta": 1653380220984,
    "relativePath": "Atlas\\bullet.png"
  },
  "6f62e8e0-4f51-43e1-a09d-c7154229f7bb": {
    "asset": 1653380204796,
    "meta": 1653380220987,
    "relativePath": "Atlas\\rockman.png"
  },
  "6167e241-3580-4138-8186-a34995e73603": {
    "asset": 1653380204720,
    "meta": 1653380221006,
    "relativePath": "Atlas\\block.png"
  },
  "13aeab9c-443a-49de-baf8-85e8c0a79346": {
    "asset": 1653380204704,
    "meta": 1653380221014,
    "relativePath": "Atlas\\background.png"
  },
  "0832a888-dd5c-4aa2-8b42-9d934911ae14": {
    "asset": 1653380353540,
    "meta": 1653380353546,
    "relativePath": "Animation\\move.anim"
  },
  "aad9e444-ccaa-464b-af49-7004561720a6": {
    "asset": 1653380345400,
    "meta": 1653380345406,
    "relativePath": "Animation\\jump.anim"
  },
  "a7b80d70-b947-4273-8b5f-0fc76a4a0457": {
    "asset": 1653380576068,
    "meta": 1653380582210,
    "relativePath": "Script\\Player.ts"
  },
  "52fffafc-8917-4e48-9fb8-1202a0d2588d": {
    "asset": 1653380988300,
    "meta": 1653380992159,
    "relativePath": "Script\\firebase.js"
  }
}