{
  "__type__": "cc.AnimationClip",
  "_name": "Trampoline",
  "_objFlags": 0,
  "_native": "",
  "_duration": 0.85,
  "sample": 60,
  "speed": 3,
  "wrapMode": 1,
  "curveData": {
    "comps": {
      "cc.Sprite": {
        "spriteFrame": [
          {
            "frame": 0,
            "value": {
              "__uuid__": "9a5442d0-a35b-4b91-8db5-94ef58af8503"
            }
          },
          {
            "frame": 0.08333333333333333,
            "value": {
              "__uuid__": "de0746bc-5074-4d74-936e-b3832a383a71"
            }
          },
          {
            "frame": 0.16666666666666666,
            "value": {
              "__uuid__": "790a237f-64da-4e7c-ad03-895bbd86278a"
            }
          },
          {
            "frame": 0.25,
            "value": {
              "__uuid__": "de0746bc-5074-4d74-936e-b3832a383a71"
            }
          },
          {
            "frame": 0.3333333333333333,
            "value": {
              "__uuid__": "9a5442d0-a35b-4b91-8db5-94ef58af8503"
            }
          },
          {
            "frame": 0.4166666666666667,
            "value": {
              "__uuid__": "2c6ebb37-e8cc-41bc-8b19-688e5031eb62"
            }
          },
          {
            "frame": 0.5,
            "value": {
              "__uuid__": "5e8a3595-e7fa-47b0-aef8-4e1c82d5b4e3"
            }
          },
          {
            "frame": 0.5833333333333334,
            "value": {
              "__uuid__": "0535f5bf-3685-4f75-b9cf-06430013e1f3"
            }
          },
          {
            "frame": 0.6666666666666666,
            "value": {
              "__uuid__": "5e8a3595-e7fa-47b0-aef8-4e1c82d5b4e3"
            }
          },
          {
            "frame": 0.75,
            "value": {
              "__uuid__": "2c6ebb37-e8cc-41bc-8b19-688e5031eb62"
            }
          },
          {
            "frame": 0.8333333333333334,
            "value": {
              "__uuid__": "9a5442d0-a35b-4b91-8db5-94ef58af8503"
            }
          }
        ]
      }
    }
  },
  "events": []
}