{
  "__type__": "cc.AnimationClip",
  "_name": "move",
  "_objFlags": 0,
  "_native": "",
  "_duration": 0.5166666666666667,
  "sample": 60,
  "speed": 1,
  "wrapMode": 2,
  "curveData": {
    "comps": {
      "cc.Sprite": {
        "spriteFrame": [
          {
            "frame": 0,
            "value": {
              "__uuid__": "69b3b275-ba6a-490a-9941-ff7ed4440f36"
            }
          },
          {
            "frame": 0.08333333333333333,
            "value": {
              "__uuid__": "900925a7-5298-452a-ab19-87c4f766ac5d"
            }
          },
          {
            "frame": 0.16666666666666666,
            "value": {
              "__uuid__": "efbd3a30-7898-46b0-9df8-12cf554e0789"
            }
          },
          {
            "frame": 0.25,
            "value": {
              "__uuid__": "c8a0a9f0-6854-4106-97e0-431ead9b66d8"
            }
          },
          {
            "frame": 0.3333333333333333,
            "value": {
              "__uuid__": "f94fcba9-be56-4556-8fcb-01f6c5d75cdf"
            }
          },
          {
            "frame": 0.4166666666666667,
            "value": {
              "__uuid__": "86de7cdb-0a17-494b-a0e8-4b7d88e7304a"
            }
          },
          {
            "frame": 0.5,
            "value": {
              "__uuid__": "94145359-5f4b-4bc1-8952-3aa4971b1875"
            }
          }
        ]
      }
    }
  },
  "events": []
}