{
  "version": "1.1.1",
  "windows": {
    "main": {
      "main": true,
      "url": "app://editor/index.html",
      "windowType": "dockable",
      "x": -8,
      "y": -8,
      "width": 1552,
      "height": 840,
      "layout": {
        "type": "dock-h",
        "children": [
          {
            "width": 369,
            "height": 722.6000366210938,
            "type": "dock-v",
            "children": [
              {
                "width": 369,
                "height": 249.8625030517578,
                "type": "panel",
                "active": 0,
                "children": [
                  "hierarchy"
                ]
              },
              {
                "width": 369,
                "height": 469.7375183105469,
                "type": "panel",
                "active": 0,
                "children": [
                  "assets"
                ]
              }
            ]
          },
          {
            "width": 792,
            "height": 722.6000366210938,
            "type": "dock-v",
            "children": [
              {
                "width": 792,
                "height": 361.3000183105469,
                "type": "dock-h",
                "children": [
                  {
                    "width": 468.4125061035156,
                    "height": 361.3000183105469,
                    "type": "panel",
                    "active": 0,
                    "children": [
                      "scene"
                    ]
                  },
                  {
                    "width": 320.5874938964844,
                    "height": 361.3000183105469,
                    "type": "panel",
                    "active": 0,
                    "children": [
                      "node-library"
                    ]
                  }
                ]
              },
              {
                "width": 792,
                "height": 358.3000183105469,
                "type": "panel",
                "active": 0,
                "children": [
                  "console",
                  "timeline",
                  "game-window"
                ]
              }
            ]
          },
          {
            "width": 369,
            "height": 722.6000366210938,
            "type": "panel",
            "active": 0,
            "children": [
              "inspector",
              "cocos-services"
            ]
          }
        ]
      },
      "panels": [
        "hierarchy",
        "assets",
        "scene",
        "node-library",
        "console",
        "timeline",
        "game-window",
        "inspector",
        "cocos-services"
      ]
    },
    " common-asset-worker-worker": {}
  },
  "panels": {
    "builder": {
      "x": 440,
      "y": 24,
      "width": 520,
      "height": 740
    }
  },
  "panelLabelWidth": {}
}
