{
  "__type__": "cc.BitmapFont",
  "_name": "font_big",
  "_objFlags": 0,
  "_native": "",
  "fntDataStr": "",
  "spriteFrame": {
    "__uuid__": "ec83289d-d778-41ef-9bc7-aa0f9fda1f41"
  },
  "fontSize": 32,
  "_fntConfig": {
    "commonHeight": 32,
    "fontSize": 32,
    "atlasName": "font_big.png",
    "fontDefDictionary": {
      "48": {
        "rect": {
          "x": 0,
          "y": 0,
          "width": 31,
          "height": 32
        },
        "xOffset": 0,
        "yOffset": 0,
        "xAdvance": 31
      },
      "49": {
        "rect": {
          "x": 32,
          "y": 0,
          "width": 31,
          "height": 32
        },
        "xOffset": 0,
        "yOffset": 0,
        "xAdvance": 31
      },
      "50": {
        "rect": {
          "x": 64,
          "y": 0,
          "width": 31,
          "height": 32
        },
        "xOffset": 0,
        "yOffset": 0,
        "xAdvance": 31
      },
      "51": {
        "rect": {
          "x": 96,
          "y": 0,
          "width": 31,
          "height": 32
        },
        "xOffset": 0,
        "yOffset": 0,
        "xAdvance": 31
      },
      "52": {
        "rect": {
          "x": 128,
          "y": 0,
          "width": 31,
          "height": 32
        },
        "xOffset": 0,
        "yOffset": 0,
        "xAdvance": 31
      },
      "53": {
        "rect": {
          "x": 160,
          "y": 0,
          "width": 31,
          "height": 32
        },
        "xOffset": 0,
        "yOffset": 0,
        "xAdvance": 31
      },
      "54": {
        "rect": {
          "x": 192,
          "y": 0,
          "width": 31,
          "height": 32
        },
        "xOffset": 0,
        "yOffset": 0,
        "xAdvance": 31
      },
      "55": {
        "rect": {
          "x": 224,
          "y": 0,
          "width": 31,
          "height": 32
        },
        "xOffset": 0,
        "yOffset": 0,
        "xAdvance": 31
      },
      "56": {
        "rect": {
          "x": 256,
          "y": 0,
          "width": 31,
          "height": 32
        },
        "xOffset": 0,
        "yOffset": 0,
        "xAdvance": 31
      },
      "57": {
        "rect": {
          "x": 288,
          "y": 0,
          "width": 31,
          "height": 32
        },
        "xOffset": 0,
        "yOffset": 0,
        "xAdvance": 31
      }
    },
    "kerningDict": {}
  },
  "_fontDefDictionary": null
}