{
  "__type__": "cc.AnimationClip",
  "_name": "slime_yellow_move",
  "_objFlags": 0,
  "_native": "",
  "_duration": 1.3,
  "sample": 10,
  "speed": 1,
  "wrapMode": 2,
  "curveData": {
    "paths": {
      "Sprite": {
        "comps": {
          "cc.Sprite": {
            "spriteFrame": [
              {
                "frame": 0,
                "value": {
                  "__uuid__": "b3be5667-23d6-4a2b-9ed1-930c5e22207b"
                }
              },
              {
                "frame": 0.1,
                "value": {
                  "__uuid__": "bc745f6d-eb94-442b-9529-b5a05e47461d"
                }
              },
              {
                "frame": 0.2,
                "value": {
                  "__uuid__": "3f7e86dc-7e60-4b0b-a3d9-a3c1fa670295"
                }
              },
              {
                "frame": 0.3,
                "value": {
                  "__uuid__": "5914ae6e-e0c6-4ca2-b4ba-5f83b9b6368d"
                }
              },
              {
                "frame": 0.4,
                "value": {
                  "__uuid__": "42a9e788-04d7-4c3a-b7ea-0a2dca02871c"
                }
              },
              {
                "frame": 0.5,
                "value": {
                  "__uuid__": "47fa100a-6fd9-4a8e-9e07-2efbb97d98f9"
                }
              },
              {
                "frame": 0.6,
                "value": {
                  "__uuid__": "e4cc63c8-81d4-45b3-8d77-4d9abc0675d4"
                }
              },
              {
                "frame": 0.7,
                "value": {
                  "__uuid__": "234913e2-b89a-4aaa-a952-d2eeca27f3a2"
                }
              },
              {
                "frame": 0.8,
                "value": {
                  "__uuid__": "0ef98b68-b341-4fcf-a45b-d16521da40b6"
                }
              },
              {
                "frame": 0.9,
                "value": {
                  "__uuid__": "ec610649-cd8b-408c-8f97-1b76f79189f5"
                }
              },
              {
                "frame": 1,
                "value": {
                  "__uuid__": "c5a8f183-8f09-4b3d-8024-4f853743451b"
                }
              },
              {
                "frame": 1.1,
                "value": {
                  "__uuid__": "d831123e-d33c-4bda-9ec0-c3db79402a6a"
                }
              },
              {
                "frame": 1.2,
                "value": {
                  "__uuid__": "dab49d47-cf4c-401b-8363-ba10d0f872ca"
                }
              }
            ]
          }
        }
      }
    }
  },
  "events": []
}