{
  "__type__": "cc.SpriteAtlas",
  "_name": "slime_blue.plist",
  "_objFlags": 0,
  "_native": "",
  "_spriteFrames": {
    "slime_blue (1)": {
      "__uuid__": "c410e366-593c-43f2-b1c0-e694c1e7dffd"
    },
    "slime_blue (10)": {
      "__uuid__": "b8cc7fe9-3077-42a5-bd0b-2230acba72bf"
    },
    "slime_blue (11)": {
      "__uuid__": "eddf3374-ede1-41c7-a428-8ec53696b1f8"
    },
    "slime_blue (12)": {
      "__uuid__": "477c5299-7ac0-496b-ac03-18f16ebab9ed"
    },
    "slime_blue (13)": {
      "__uuid__": "3f96e0ca-da11-465f-af0e-2f4e326a4c29"
    },
    "slime_blue (14)": {
      "__uuid__": "3b377849-3a12-49fe-99f5-b842b4a738a6"
    },
    "slime_blue (15)": {
      "__uuid__": "88bfc859-045b-46d0-a240-022d4ec9191b"
    },
    "slime_blue (16)": {
      "__uuid__": "49641575-4358-4e59-bf89-aeaab3827db9"
    },
    "slime_blue (17)": {
      "__uuid__": "d446ac42-a351-497c-b432-cba8ac30b523"
    },
    "slime_blue (18)": {
      "__uuid__": "a6ea8d06-db79-456a-8938-7752c7630e5c"
    },
    "slime_blue (19)": {
      "__uuid__": "b12d8811-3a5d-41c2-be3d-0cf2cbbf6302"
    },
    "slime_blue (2)": {
      "__uuid__": "1c8252a1-ae21-40db-8bf9-7272712a6d51"
    },
    "slime_blue (20)": {
      "__uuid__": "c27e35ac-345e-4790-82c9-580b5732cf4f"
    },
    "slime_blue (21)": {
      "__uuid__": "2a15e176-41ee-4950-aaa0-ea3ae019cdd2"
    },
    "slime_blue (22)": {
      "__uuid__": "e274446b-2a60-405e-bbd3-48c76dc5c179"
    },
    "slime_blue (23)": {
      "__uuid__": "428fb223-049d-47d6-a5c2-81cba1dc00a4"
    },
    "slime_blue (24)": {
      "__uuid__": "4d1352c5-d4f2-4041-ac54-76635f9a4734"
    },
    "slime_blue (25)": {
      "__uuid__": "63e18bef-08f3-43d9-8b06-60e0afd2faea"
    },
    "slime_blue (3)": {
      "__uuid__": "b60dce44-ab15-45d2-95c1-b8152c33adbe"
    },
    "slime_blue (4)": {
      "__uuid__": "ab6c0ef1-ea10-4da8-bf81-02066cf6f25e"
    },
    "slime_blue (5)": {
      "__uuid__": "7d6e9cea-d377-4240-bf33-8c01a916d970"
    },
    "slime_blue (6)": {
      "__uuid__": "5ec3925a-7fde-4163-ad31-ea92f7ebe638"
    },
    "slime_blue (7)": {
      "__uuid__": "56126c32-72ff-4d86-ab95-538f1350362c"
    },
    "slime_blue (8)": {
      "__uuid__": "b4aca246-ca08-49d7-8d26-f017ab95042e"
    },
    "slime_blue (9)": {
      "__uuid__": "b9807478-3fe1-4e68-b175-96583f05d13a"
    }
  }
}