{
  "title": "SS2022_Lab_08",
  "packageName": "",
  "startScene": "2748da1b-bfbd-488c-ab81-535fe8a34c8f",
  "excludeScenes": [],
  "includeSDKBox": false,
  "orientation": {
    "landscapeLeft": true,
    "landscapeRight": true,
    "portrait": false,
    "upsideDown": false
  },
  "webOrientation": "auto",
  "inlineSpriteFrames": true,
  "inlineSpriteFrames_native": true,
  "mergeStartScene": false,
  "optimizeHotUpdate": false,
  "md5Cache": false,
  "encryptJs": true,
  "xxteaKey": "49cba6a4-99e2-43",
  "zipCompressJs": true,
  "fb-instant-games": {},
  "android": {
    "packageName": ""
  },
  "ios": {
    "packageName": ""
  },
  "mac": {
    "packageName": ""
  },
  "win32": {},
  "android-instant": {
    "REMOTE_SERVER_ROOT": "",
    "host": "",
    "packageName": "",
    "pathPattern": "",
    "recordPath": "",
    "scheme": "https",
    "skipRecord": false
  },
  "appBundle": false
}
