{
  "version": "1.1.1",
  "windows": {
    "main": {
      "main": true,
      "url": "app://editor/index.html",
      "windowType": "dockable",
      "x": 1528,
      "y": -224,
      "width": 1936,
      "height": 1056,
      "layout": {
        "type": "dock-h",
        "children": [
          {
            "width": 272.28125,
            "height": 938,
            "type": "dock-v",
            "children": [
              {
                "width": 272.28125,
                "height": 472.078125,
                "type": "panel",
                "active": 0,
                "children": [
                  "hierarchy"
                ]
              },
              {
                "width": 272.28125,
                "height": 462.921875,
                "type": "panel",
                "active": 0,
                "children": [
                  "assets"
                ]
              }
            ]
          },
          {
            "width": 1183.890625,
            "height": 938,
            "type": "dock-v",
            "children": [
              {
                "width": 1183.890625,
                "height": 522.953125,
                "type": "dock-h",
                "children": [
                  {
                    "width": 826.625,
                    "height": 522.953125,
                    "type": "panel",
                    "active": 0,
                    "children": [
                      "scene"
                    ]
                  },
                  {
                    "width": 354.265625,
                    "height": 522.953125,
                    "type": "panel",
                    "active": 0,
                    "children": [
                      "node-library"
                    ]
                  }
                ]
              },
              {
                "width": 1183.890625,
                "height": 412.046875,
                "type": "panel",
                "active": 0,
                "children": [
                  "console",
                  "timeline",
                  "game-window"
                ]
              }
            ]
          },
          {
            "width": 457.828125,
            "height": 938,
            "type": "panel",
            "active": 0,
            "children": [
              "inspector",
              "cocos-services"
            ]
          }
        ]
      },
      "panels": [
        "hierarchy",
        "assets",
        "scene",
        "node-library",
        "console",
        "timeline",
        "game-window",
        "inspector",
        "cocos-services"
      ]
    }
  },
  "panels": {
    "sprite-editor": {
      "x": 702,
      "y": 240,
      "width": 516,
      "height": 539
    },
    "project-settings": {
      "x": 672,
      "y": 240,
      "width": 600,
      "height": 565
    },
    "builder": {
      "x": 2180,
      "y": -79,
      "width": 516,
      "height": 740
    }
  },
  "panelLabelWidth": {
    "inspector": null
  },
  "panelLabelWidth.inspector": null
}
