{
  "9c85cc10-0d77-4480-86a2-f81016d0f6d4": {
    "asset": 1652772803262,
    "meta": 1652772861822,
    "relativePath": "Atlas"
  },
  "8652ef5c-649f-4f3f-8a35-bd735503d46e": {
    "asset": 1652776772200,
    "meta": 1652776884782,
    "relativePath": "Scripts"
  },
  "48192215-9c53-4ecb-973f-72e9b6cf53e2": {
    "asset": 1652772803545,
    "meta": 1652772861826,
    "relativePath": "Pictures"
  },
  "39c0c26f-77fd-4750-991b-013923cab544": {
    "asset": 1652772803180,
    "meta": 1652772861821,
    "relativePath": "Animations"
  },
  "979f1373-61a5-49aa-b7d3-9b0e5d22070e": {
    "asset": 1652772803582,
    "meta": 1652772861827,
    "relativePath": "Prefabs"
  },
  "79af84ff-74aa-4357-b7e7-81c67143a51e": {
    "asset": 1652772803406,
    "meta": 1652772861823,
    "relativePath": "Audios"
  },
  "19bafc94-6bdd-4473-b17b-13c8ce626aa2": {
    "asset": 1652772803381,
    "meta": 1652772862466,
    "relativePath": "Audios\\normal.wav"
  },
  "6c796579-7045-4b0e-9857-c0dbf52026db": {
    "asset": 1652772803392,
    "meta": 1652772862461,
    "relativePath": "Audios\\pause.wav"
  },
  "fa18b8ec-97a3-4381-b037-28a5781d0c54": {
    "asset": 1652772803346,
    "meta": 1652772862464,
    "relativePath": "Audios\\conveyor.wav"
  },
  "e956e1e2-f8a8-4aca-bf90-37e003f912a6": {
    "asset": 1652772803404,
    "meta": 1652772862468,
    "relativePath": "Audios\\trampoline.wav"
  },
  "f888a7db-6ffc-496b-933a-528b52293b44": {
    "asset": 1652772803369,
    "meta": 1652772862473,
    "relativePath": "Audios\\die.wav"
  },
  "2139fdd5-3abf-4333-b308-138c2170fa09": {
    "asset": 1652772803220,
    "meta": 1652772862554,
    "relativePath": "Atlas\\platform.plist"
  },
  "3c177584-12db-4a6b-8ca4-29aa81ba6c56": {
    "asset": 1652772803460,
    "meta": 1652772861824,
    "relativePath": "Fonts"
  },
  "fdf04a11-cf2c-47d5-999d-5642ef7b3cfe": {
    "asset": 1652772803421,
    "meta": 1652772862560,
    "relativePath": "Fonts\\font_big.fnt"
  },
  "5ad27364-230e-4827-bc9d-45eebe0ae8be": {
    "asset": 1652772803436,
    "meta": 1652772861925,
    "relativePath": "Fonts\\font_big.png"
  },
  "9ad07209-9031-45be-abb5-b5972bb240dc": {
    "asset": 1652772803447,
    "meta": 1652772862566,
    "relativePath": "Fonts\\font_small.fnt"
  },
  "d3504f8a-03a5-463b-8e7c-14b05308ee48": {
    "asset": 1652772803458,
    "meta": 1652772861930,
    "relativePath": "Fonts\\font_small.png"
  },
  "ccc42255-7ba8-4c1e-93e4-a61b8a458f61": {
    "asset": 1652772803520,
    "meta": 1652772862117,
    "relativePath": "Pictures\\pause.png"
  },
  "04cee87f-c06e-4ee4-82a7-dc1b33311941": {
    "asset": 1652778133006,
    "meta": 1652778133015,
    "relativePath": "Scenes\\game.fire"
  },
  "ce290d8d-5263-421d-8f5e-00b8b915c394": {
    "asset": 1652772803598,
    "meta": 1652772861828,
    "relativePath": "Scenes"
  },
  "1dc1c633-01b3-4007-8f88-5b9ab7a492d5": {
    "asset": 1652772803138,
    "meta": 1652772861900,
    "relativePath": "Animations\\ConveyorPlatform.anim"
  },
  "50716806-2c56-4a21-802a-2d5ecde367b0": {
    "asset": 1652772803532,
    "meta": 1652772862135,
    "relativePath": "Pictures\\start.png"
  },
  "0fcd83de-e831-4951-82d2-982eddea7283": {
    "asset": 1652772803331,
    "meta": 1652772862493,
    "relativePath": "Audios\\BGM.mp3"
  },
  "e5578339-f4c7-4b0e-9917-3091b2d5bfd6": {
    "asset": 1652772803473,
    "meta": 1652772862114,
    "relativePath": "Pictures\\background.png"
  },
  "4d375733-ce18-4003-85c7-00ceb7de3570": {
    "asset": 1652772803543,
    "meta": 1652772862139,
    "relativePath": "Pictures\\wall.png"
  },
  "964af37b-2218-49f3-a473-2803a8ee9435": {
    "asset": 1652772803497,
    "meta": 1652772862116,
    "relativePath": "Pictures\\frame.png"
  },
  "a6c9c11d-966d-411a-9def-8b7e3d5dde15": {
    "asset": 1652772803509,
    "meta": 1652772862129,
    "relativePath": "Pictures\\panel.png"
  },
  "f1a8c24d-bbdb-47e4-b2a6-2405958c67bd": {
    "asset": 1652772803247,
    "meta": 1652772862555,
    "relativePath": "Atlas\\player.plist"
  },
  "25cedc55-2c76-41ec-bcdb-5e32cea616ce": {
    "asset": 1652772803260,
    "meta": 1652772861917,
    "relativePath": "Atlas\\player.png"
  },
  "3925f425-5546-4bb0-8c3d-27b2466cb5ec": {
    "asset": 1652772803178,
    "meta": 1652772861901,
    "relativePath": "Animations\\walk.anim"
  },
  "4c552522-975a-4291-9208-9bbd9b5483be": {
    "asset": 1652772803165,
    "meta": 1652772861904,
    "relativePath": "Animations\\gather.anim"
  },
  "1421c51c-1071-4cac-9538-67941b1fc673": {
    "asset": 1652772803485,
    "meta": 1652772862070,
    "relativePath": "Pictures\\floor.png"
  },
  "2a6b53f3-125f-4b32-906e-5e4adac3574d": {
    "asset": 1652772803234,
    "meta": 1652772861921,
    "relativePath": "Atlas\\platform.png"
  },
  "5b9bf6df-a278-4398-899a-9e7d198b92d9": {
    "asset": 1652772803570,
    "meta": 1652772861952,
    "relativePath": "Prefabs\\Normal.prefab"
  },
  "5573c967-8a95-4748-a167-684120a2aa53": {
    "asset": 1652772803557,
    "meta": 1652772861947,
    "relativePath": "Prefabs\\Conveyor.prefab"
  },
  "f6c821c0-ceba-4419-b1ba-dc21e7747a08": {
    "asset": 1652772803580,
    "meta": 1652772862119,
    "relativePath": "Prefabs\\Trampoline.prefab"
  },
  "379b9e63-c150-4bc6-b2d2-e84738100812": {
    "asset": 1652772803193,
    "meta": 1652772862532,
    "relativePath": "Atlas\\effect.plist"
  },
  "05669c25-2001-47d0-81dc-b205fe784aa4": {
    "asset": 1652772803209,
    "meta": 1652772861919,
    "relativePath": "Atlas\\effect.png"
  },
  "2bc24a5f-bfe5-4d90-95b8-7f7468d196bc": {
    "asset": 1652772803153,
    "meta": 1652772861903,
    "relativePath": "Animations\\Trampoline.anim"
  },
  "3cd2f165-801a-4f21-834d-fc62364b8dbe": {
    "asset": 1652772803635,
    "meta": 1652772862113,
    "relativePath": "Scripts\\Player.ts"
  },
  "fed81d02-9c00-4bd5-ab4d-775d17614802": {
    "asset": 1652772803651,
    "meta": 1652772861825,
    "relativePath": "migration"
  },
  "9a19aa8f-ee0d-42c7-8e5f-2a0643192791": {
    "asset": 1652772803649,
    "meta": 1652772861894,
    "relativePath": "migration\\use_reversed_rotateTo.js"
  },
  "9eafaea8-25f8-4bd9-8693-d88acc93c8cf": {
    "asset": 1652773829168,
    "meta": 1652774212803,
    "relativePath": "Scripts\\GameMgr.ts"
  },
  "9836134e-b892-4283-b6b2-78b5acf3ed45": {
    "asset": 1650350738725,
    "meta": 1652777145253,
    "relativePath": "effects"
  },
  "abc2cb62-7852-4525-a90d-d474487b88f2": {
    "asset": 1650350738716,
    "meta": 1652777145327,
    "relativePath": "effects\\builtin-phong.effect"
  },
  "e2f00085-c597-422d-9759-52c360279106": {
    "asset": 1650350738719,
    "meta": 1652777145372,
    "relativePath": "effects\\builtin-toon.effect"
  },
  "430eccbf-bf2c-4e6e-8c0c-884bbb487f32": {
    "asset": 1650350738720,
    "meta": 1652777145384,
    "relativePath": "effects\\__builtin-editor-gizmo-line.effect"
  },
  "6c5cf6e1-b044-4eac-9431-835644d57381": {
    "asset": 1650350738722,
    "meta": 1652777145391,
    "relativePath": "effects\\__builtin-editor-gizmo-unlit.effect"
  },
  "115286d1-2e10-49ee-aab4-341583f607e8": {
    "asset": 1650350738724,
    "meta": 1652777145407,
    "relativePath": "effects\\__builtin-editor-gizmo.effect"
  },
  "f8e6b000-5643-4b86-9080-aa680ce1f599": {
    "asset": 1650350738763,
    "meta": 1652777145408,
    "relativePath": "image"
  },
  "5c3eedba-6c41-4c0c-9ba7-d91f813cbd1c": {
    "asset": 1650350738766,
    "meta": 1652777145454,
    "relativePath": "materials"
  },
  "fc09f9bd-2cce-4605-b630-8145ef809ed6": {
    "asset": 1650350738772,
    "meta": 1652777145459,
    "relativePath": "misc"
  },
  "567dcd80-8bf4-4535-8a5a-313f1caf078a": {
    "asset": 1650350738741,
    "meta": 1652777145440,
    "relativePath": "image\\default_radio_button_off.png"
  },
  "db019bf7-f71c-4111-98cf-918ea180cb48": {
    "asset": 1650350738796,
    "meta": 1652777145463,
    "relativePath": "model"
  },
  "e851e89b-faa2-4484-bea6-5c01dd9f06e2": {
    "asset": 1650350738731,
    "meta": 1652777145446,
    "relativePath": "image\\default_btn_normal.png"
  },
  "e39e96e6-6f6e-413f-bcf1-ac7679bb648a": {
    "asset": 1650350738792,
    "meta": 1652777145467,
    "relativePath": "model\\prefab"
  },
  "71561142-4c83-4933-afca-cb7a17f67053": {
    "asset": 1650350738730,
    "meta": 1652777145448,
    "relativePath": "image\\default_btn_disabled.png"
  },
  "d81ec8ad-247c-4e62-aa3c-d35c4193c7af": {
    "asset": 1650350738736,
    "meta": 1652777145450,
    "relativePath": "image\\default_panel.png"
  },
  "600301aa-3357-4a10-b086-84f011fa32ba": {
    "asset": 1650350738728,
    "meta": 1652777145453,
    "relativePath": "image\\default-particle.png"
  },
  "edd215b9-2796-4a05-aaf5-81f96c9281ce": {
    "asset": 1650350738734,
    "meta": 1652777145458,
    "relativePath": "image\\default_editbox_bg.png"
  },
  "99170b0b-d210-46f1-b213-7d9e3f23098a": {
    "asset": 1650350738739,
    "meta": 1652777145462,
    "relativePath": "image\\default_progressbar_bg.png"
  },
  "4bab67cb-18e6-4099-b840-355f0473f890": {
    "asset": 1650350738746,
    "meta": 1652777145465,
    "relativePath": "image\\default_scrollbar_bg.png"
  },
  "cfef78f1-c8df-49b7-8ed0-4c953ace2621": {
    "asset": 1650350738737,
    "meta": 1652777145468,
    "relativePath": "image\\default_progressbar.png"
  },
  "f6e6dd15-71d1-4ffe-ace7-24fd39942c05": {
    "asset": 1650350738802,
    "meta": 1652777145499,
    "relativePath": "obsolete"
  },
  "9d60001f-b5f4-4726-a629-2659e3ded0b8": {
    "asset": 1650350738743,
    "meta": 1652777145485,
    "relativePath": "image\\default_radio_button_on.png"
  },
  "c4480a0a-6ac5-443f-8b40-361a14257fc8": {
    "asset": 1650350738765,
    "meta": 1652777145901,
    "relativePath": "materials\\builtin-phong.mtl"
  },
  "f743d2b6-b7ea-4c14-a55b-547ed4d0a045": {
    "asset": 1650350738808,
    "meta": 1652777145506,
    "relativePath": "particle"
  },
  "6e056173-d285-473c-b206-40a7fff5386e": {
    "asset": 1650350738754,
    "meta": 1652777145487,
    "relativePath": "image\\default_sprite.png"
  },
  "a87cc147-01b2-43f8-8e42-a7ca90b0c757": {
    "asset": 1650350738776,
    "meta": 1652777145508,
    "relativePath": "model\\prefab\\box.prefab"
  },
  "0291c134-b3da-4098-b7b5-e397edbe947f": {
    "asset": 1650350738745,
    "meta": 1652777145489,
    "relativePath": "image\\default_scrollbar.png"
  },
  "fe1417b6-fe6b-46a4-ae7c-9fd331f33a2a": {
    "asset": 1650350738778,
    "meta": 1652777145511,
    "relativePath": "model\\prefab\\capsule.prefab"
  },
  "ae6c6c98-11e4-452f-8758-75f5c6a56e83": {
    "asset": 1650350738868,
    "meta": 1652777145513,
    "relativePath": "prefab"
  },
  "d6d3ca85-4681-47c1-b5dd-d036a9d39ea2": {
    "asset": 1650350738749,
    "meta": 1652777145491,
    "relativePath": "image\\default_scrollbar_vertical.png"
  },
  "1c5e4038-953a-44c2-b620-0bbfc6170477": {
    "asset": 1650350738782,
    "meta": 1652777145516,
    "relativePath": "model\\prefab\\cylinder.prefab"
  },
  "b5fc2cf2-7942-483d-be1f-bbeadc4714ad": {
    "asset": 1650350738780,
    "meta": 1652777145518,
    "relativePath": "model\\prefab\\cone.prefab"
  },
  "b43ff3c2-02bb-4874-81f7-f2dea6970f18": {
    "asset": 1650350738732,
    "meta": 1652777145493,
    "relativePath": "image\\default_btn_pressed.png"
  },
  "3f376125-a699-40ca-ad05-04d662eaa1f2": {
    "asset": 1650350738784,
    "meta": 1652777145522,
    "relativePath": "model\\prefab\\plane.prefab"
  },
  "de510076-056b-484f-b94c-83bef217d0e1": {
    "asset": 1650350738791,
    "meta": 1652777145524,
    "relativePath": "model\\prefab\\torus.prefab"
  },
  "617323dd-11f4-4dd3-8eec-0caf6b3b45b9": {
    "asset": 1650350738752,
    "meta": 1652777145495,
    "relativePath": "image\\default_scrollbar_vertical_bg.png"
  },
  "6c9ef10d-b479-420b-bfe6-39cdda6a8ae0": {
    "asset": 1650350738786,
    "meta": 1652777145527,
    "relativePath": "model\\prefab\\quad.prefab"
  },
  "2d9a4b85-b0ab-4c46-84c5-18f393ab2058": {
    "asset": 1650350738789,
    "meta": 1652777145530,
    "relativePath": "model\\prefab\\sphere.prefab"
  },
  "0275e94c-56a7-410f-bd1a-fc7483f7d14a": {
    "asset": 1650350738756,
    "meta": 1652777145498,
    "relativePath": "image\\default_sprite_splash.png"
  },
  "897ef7a1-4860-4f64-968d-f5924b18668a": {
    "asset": 1650350738811,
    "meta": 1652777145539,
    "relativePath": "prefab\\2d-camera.prefab"
  },
  "70d7cdb0-04cd-41bb-9480-c06a4785f386": {
    "asset": 1650350738814,
    "meta": 1652777145543,
    "relativePath": "prefab\\3d-camera.prefab"
  },
  "a3ee0214-b432-4865-9666-4a3211814282": {
    "asset": 1650350738839,
    "meta": 1652777145544,
    "relativePath": "prefab\\light"
  },
  "972b9a4d-47ee-4c74-b5c3-61d8a69bc29f": {
    "asset": 1650350738821,
    "meta": 1652777145547,
    "relativePath": "prefab\\button.prefab"
  },
  "ed88f13d-fcad-4848-aa35-65a2cb973584": {
    "asset": 1650350738818,
    "meta": 1652777145550,
    "relativePath": "prefab\\3d-stage.prefab"
  },
  "61aeb05b-3b32-452b-8eed-2b76deeed554": {
    "asset": 1650350738825,
    "meta": 1652777145553,
    "relativePath": "prefab\\editbox.prefab"
  },
  "2c937608-2562-40ea-b264-7395df6f0cea": {
    "asset": 1650350738824,
    "meta": 1652777145556,
    "relativePath": "prefab\\canvas.prefab"
  },
  "70bbeb73-6dc2-4ee4-8faf-76b3a0e34ec4": {
    "asset": 1650350738816,
    "meta": 1652777145560,
    "relativePath": "prefab\\3d-particle.prefab"
  },
  "27756ebb-3d33-44b0-9b96-e858fadd4dd4": {
    "asset": 1650350738827,
    "meta": 1652777145563,
    "relativePath": "prefab\\label.prefab"
  },
  "2be36297-9abb-4fee-8049-9ed5e271da8a": {
    "asset": 1650350738771,
    "meta": 1652777145572,
    "relativePath": "misc\\default_video.mp4"
  },
  "785a442c-3ceb-45be-a46e-7317f625f3b9": {
    "asset": 1650350738829,
    "meta": 1652777145586,
    "relativePath": "prefab\\layout.prefab"
  },
  "cd33edea-55f5-46c2-958d-357a01384a36": {
    "asset": 1650350738842,
    "meta": 1652777145603,
    "relativePath": "prefab\\particlesystem.prefab"
  },
  "5965ffac-69da-4b55-bcde-9225d0613c28": {
    "asset": 1650350738844,
    "meta": 1652777145605,
    "relativePath": "prefab\\progressBar.prefab"
  },
  "ca8401fe-ad6e-41a8-bd46-8e3e4e9945be": {
    "asset": 1650350738840,
    "meta": 1652777145607,
    "relativePath": "prefab\\pageview.prefab"
  },
  "4a37dd57-78cd-4cec-aad4-f11a73d12b63": {
    "asset": 1650350738846,
    "meta": 1652777145610,
    "relativePath": "prefab\\richtext.prefab"
  },
  "32044bd2-481f-4cf1-a656-e2b2fb1594eb": {
    "asset": 1650350738849,
    "meta": 1652777145612,
    "relativePath": "prefab\\scrollview.prefab"
  },
  "c25b9d50-c8fc-4d27-beeb-6e7c1f2e5c0f": {
    "asset": 1650350738759,
    "meta": 1652777145584,
    "relativePath": "image\\default_toggle_disabled.png"
  },
  "0004d1cf-a0ad-47d8-ab17-34d3db9d35a3": {
    "asset": 1650350738851,
    "meta": 1652777145615,
    "relativePath": "prefab\\slider.prefab"
  },
  "96083d03-c332-4a3f-9386-d03e2d19e8ee": {
    "asset": 1650350738853,
    "meta": 1652777145616,
    "relativePath": "prefab\\sprite.prefab"
  },
  "d8afc78c-4eac-4a9f-83dd-67bc70344d33": {
    "asset": 1650350738898,
    "meta": 1652777145617,
    "relativePath": "resources"
  },
  "b181c1e4-0a72-4a91-bfb0-ae6f36ca60bd": {
    "asset": 1650350738762,
    "meta": 1652777145589,
    "relativePath": "image\\default_toggle_pressed.png"
  },
  "294c1663-4adf-4a1e-a795-53808011a38a": {
    "asset": 1650350738897,
    "meta": 1652777145619,
    "relativePath": "resources\\effects"
  },
  "bbee2217-c261-49bd-a8ce-708d6bcc3500": {
    "asset": 1650350738916,
    "meta": 1652777145623,
    "relativePath": "resources\\materials"
  },
  "d29077ba-1627-4a72-9579-7b56a235340c": {
    "asset": 1650350738761,
    "meta": 1652777145591,
    "relativePath": "image\\default_toggle_normal.png"
  },
  "1f55e3be-b89b-4b79-88de-47fd31018044": {
    "asset": 1650350738854,
    "meta": 1652777145633,
    "relativePath": "prefab\\sprite_splash.prefab"
  },
  "30682f87-9f0d-4f17-8a44-72863791461b": {
    "asset": 1650350738873,
    "meta": 1652777145647,
    "relativePath": "resources\\effects\\builtin-2d-graphics.effect"
  },
  "73a0903d-d80e-4e3c-aa67-f999543c08f5": {
    "asset": 1650350738757,
    "meta": 1652777145593,
    "relativePath": "image\\default_toggle_checkmark.png"
  },
  "144c3297-af63-49e8-b8ef-1cfa29b3be28": {
    "asset": 1650350738875,
    "meta": 1652777145668,
    "relativePath": "resources\\effects\\builtin-2d-gray-sprite.effect"
  },
  "f18742d7-56d2-4eb5-ae49-2d9d710b37c8": {
    "asset": 1650350738877,
    "meta": 1652777145681,
    "relativePath": "resources\\effects\\builtin-2d-label.effect"
  },
  "0e93aeaa-0b53-4e40-b8e0-6268b4e07bd7": {
    "asset": 1650350738879,
    "meta": 1652777145692,
    "relativePath": "resources\\effects\\builtin-2d-spine.effect"
  },
  "2874f8dd-416c-4440-81b7-555975426e93": {
    "asset": 1650350738881,
    "meta": 1652777145701,
    "relativePath": "resources\\effects\\builtin-2d-sprite.effect"
  },
  "0e42ba95-1fa1-46aa-b2cf-143cd1bcee2c": {
    "asset": 1650350738858,
    "meta": 1652777145703,
    "relativePath": "prefab\\tiledtile.prefab"
  },
  "829a282c-b049-4019-bd38-5ace8d8a6417": {
    "asset": 1650350738883,
    "meta": 1652777145773,
    "relativePath": "resources\\effects\\builtin-3d-particle.effect"
  },
  "7de03a80-4457-438d-95a7-3e7cdffd6086": {
    "asset": 1650350738856,
    "meta": 1652777145775,
    "relativePath": "prefab\\tiledmap.prefab"
  },
  "2a7c0036-e0b3-4fe1-8998-89a54b8a2bec": {
    "asset": 1650350738886,
    "meta": 1652777145793,
    "relativePath": "resources\\effects\\builtin-3d-trail.effect"
  },
  "bf0a434c-84dd-4a8e-a08a-7a36f180cc75": {
    "asset": 1650350738861,
    "meta": 1652777145796,
    "relativePath": "prefab\\toggleContainer.prefab"
  },
  "c0040c95-c57f-49cd-9cbc-12316b73d0d4": {
    "asset": 1650350738887,
    "meta": 1652777145803,
    "relativePath": "resources\\effects\\builtin-clear-stencil.effect"
  },
  "d1b8be49-b0a0-435c-83b7-552bed4bbe35": {
    "asset": 1650350738863,
    "meta": 1652777145805,
    "relativePath": "prefab\\toggleGroup.prefab"
  },
  "6d91e591-4ce0-465c-809f-610ec95019c6": {
    "asset": 1650350738896,
    "meta": 1652777145818,
    "relativePath": "resources\\effects\\builtin-unlit.effect"
  },
  "8a96b965-2dc0-4e03-aa90-3b79cb93b5b4": {
    "asset": 1650350738802,
    "meta": 1652777145655,
    "relativePath": "obsolete\\atom.png"
  },
  "0d784963-d024-4ea6-a7db-03be0ad63010": {
    "asset": 1650350738860,
    "meta": 1652777145820,
    "relativePath": "prefab\\toggle.prefab"
  },
  "61906da3-7003-4bda-9abc-5769c76faee4": {
    "asset": 1650350738833,
    "meta": 1652777145829,
    "relativePath": "prefab\\light\\ambient.prefab"
  },
  "232d2782-c4bd-4bb4-9e01-909f03d6d3b9": {
    "asset": 1650350738865,
    "meta": 1652777145831,
    "relativePath": "prefab\\videoplayer.prefab"
  },
  "8c5001fd-07ee-4a4b-a8a0-63e15195e94d": {
    "asset": 1650350738867,
    "meta": 1652777145832,
    "relativePath": "prefab\\webview.prefab"
  },
  "0cf30284-9073-46bc-9eba-e62b69dbbff3": {
    "asset": 1650350738837,
    "meta": 1652777145834,
    "relativePath": "prefab\\light\\point.prefab"
  },
  "ddb99b39-7004-47cd-9705-751905c43c46": {
    "asset": 1650350738835,
    "meta": 1652777145835,
    "relativePath": "prefab\\light\\directional.prefab"
  },
  "f5331fd2-bf42-4ee3-a3fd-3e1657600eff": {
    "asset": 1650350738838,
    "meta": 1652777145837,
    "relativePath": "prefab\\light\\spot.prefab"
  },
  "6f801092-0c37-4f30-89ef-c8d960825b36": {
    "asset": 1650350738899,
    "meta": 1652777145926,
    "relativePath": "resources\\materials\\builtin-2d-base.mtl"
  },
  "e02d87d4-e599-4d16-8001-e14891ac6506": {
    "asset": 1650350738905,
    "meta": 1652777145927,
    "relativePath": "resources\\materials\\builtin-2d-label.mtl"
  },
  "a153945d-2511-4c14-be7b-05d242f47d57": {
    "asset": 1650350738902,
    "meta": 1652777145928,
    "relativePath": "resources\\materials\\builtin-2d-graphics.mtl"
  },
  "7afd064b-113f-480e-b793-8817d19f63c3": {
    "asset": 1650350738906,
    "meta": 1652777145929,
    "relativePath": "resources\\materials\\builtin-2d-spine.mtl"
  },
  "3a7bb79f-32fd-422e-ada2-96f518fed422": {
    "asset": 1650350738903,
    "meta": 1652777145930,
    "relativePath": "resources\\materials\\builtin-2d-gray-sprite.mtl"
  },
  "432fa09c-cf03-4cff-a186-982604408a07": {
    "asset": 1650350738910,
    "meta": 1652777145931,
    "relativePath": "resources\\materials\\builtin-3d-particle.mtl"
  },
  "d0a82d39-bede-46c4-b698-c81ff0dedfff": {
    "asset": 1650350738807,
    "meta": 1652777145821,
    "relativePath": "particle\\atom.png"
  },
  "eca5d2f2-8ef6-41c2-bbe6-f9c79d09c432": {
    "asset": 1650350738909,
    "meta": 1652777145933,
    "relativePath": "resources\\materials\\builtin-2d-sprite.mtl"
  },
  "466d4f9b-e5f4-4ea8-85d5-3c6e9a65658a": {
    "asset": 1650350738911,
    "meta": 1652777145934,
    "relativePath": "resources\\materials\\builtin-3d-trail.mtl"
  },
  "cf7e0bb8-a81c-44a9-ad79-d28d43991032": {
    "asset": 1650350738914,
    "meta": 1652777145935,
    "relativePath": "resources\\materials\\builtin-clear-stencil.mtl"
  },
  "2a296057-247c-4a1c-bbeb-0548b6c98650": {
    "asset": 1650350738915,
    "meta": 1652777145936,
    "relativePath": "resources\\materials\\builtin-unlit.mtl"
  },
  "b2687ac4-099e-403c-a192-ff477686f4f5": {
    "asset": 1650350738805,
    "meta": 1652777145945,
    "relativePath": "particle\\atom.plist"
  },
  "b8223619-7e38-47c4-841f-9160c232495a": {
    "asset": 1650350738799,
    "meta": 1652777145946,
    "relativePath": "obsolete\\atom.plist"
  },
  "954fec8b-cd16-4bb9-a3b7-7719660e7558": {
    "asset": 1650350738795,
    "meta": 1652777145955,
    "relativePath": "model\\primitives.fbx"
  },
  "a3e6d067-7bf2-48e2-bb1c-4e33d9f21c85": {
    "asset": 1652777422636,
    "meta": 1652777424301,
    "relativePath": "Scripts\\Platform.ts"
  },
  "14010a21-55ab-4c75-ad04-c69ab900cc20": {
    "asset": 1652777807754,
    "meta": 1652777809709,
    "relativePath": "Scripts\\firebase.js"
  }
}