{
  "__type__": "cc.BitmapFont",
  "_name": "font_small",
  "_objFlags": 0,
  "_native": "",
  "fntDataStr": "",
  "spriteFrame": {
    "__uuid__": "161073fe-3ca3-43ad-9dcd-be57b92baa01"
  },
  "fontSize": 32,
  "_fntConfig": {
    "commonHeight": 32,
    "fontSize": 32,
    "atlasName": "font_small.png",
    "fontDefDictionary": {
      "48": {
        "rect": {
          "x": 0,
          "y": 0,
          "width": 13,
          "height": 14
        },
        "xOffset": 0,
        "yOffset": 0,
        "xAdvance": 13
      },
      "49": {
        "rect": {
          "x": 14,
          "y": 0,
          "width": 13,
          "height": 14
        },
        "xOffset": 0,
        "yOffset": 0,
        "xAdvance": 13
      },
      "50": {
        "rect": {
          "x": 28,
          "y": 0,
          "width": 13,
          "height": 14
        },
        "xOffset": 0,
        "yOffset": 0,
        "xAdvance": 13
      },
      "51": {
        "rect": {
          "x": 42,
          "y": 0,
          "width": 13,
          "height": 14
        },
        "xOffset": 0,
        "yOffset": 0,
        "xAdvance": 13
      },
      "52": {
        "rect": {
          "x": 56,
          "y": 0,
          "width": 13,
          "height": 14
        },
        "xOffset": 0,
        "yOffset": 0,
        "xAdvance": 13
      },
      "53": {
        "rect": {
          "x": 70,
          "y": 0,
          "width": 13,
          "height": 14
        },
        "xOffset": 0,
        "yOffset": 0,
        "xAdvance": 13
      },
      "54": {
        "rect": {
          "x": 84,
          "y": 0,
          "width": 13,
          "height": 14
        },
        "xOffset": 0,
        "yOffset": 0,
        "xAdvance": 13
      },
      "55": {
        "rect": {
          "x": 98,
          "y": 0,
          "width": 13,
          "height": 14
        },
        "xOffset": 0,
        "yOffset": 0,
        "xAdvance": 13
      },
      "56": {
        "rect": {
          "x": 112,
          "y": 0,
          "width": 13,
          "height": 14
        },
        "xOffset": 0,
        "yOffset": 0,
        "xAdvance": 13
      },
      "57": {
        "rect": {
          "x": 126,
          "y": 0,
          "width": 13,
          "height": 14
        },
        "xOffset": 0,
        "yOffset": 0,
        "xAdvance": 13
      }
    },
    "kerningDict": {}
  },
  "_fontDefDictionary": null
}