{
  "__type__": "cc.SpriteAtlas",
  "_name": "player.plist",
  "_objFlags": 0,
  "_native": "",
  "_spriteFrames": {
    "player (1)": {
      "__uuid__": "1837bfb7-9563-4c50-9bd6-10657ff4f18d"
    },
    "player (10)": {
      "__uuid__": "7ef9f3e7-4c40-40ed-a584-9d056a624615"
    },
    "player (11)": {
      "__uuid__": "47bab185-e139-4352-89b5-cd0a5c0edbf8"
    },
    "player (12)": {
      "__uuid__": "abfdb979-f55e-4b6a-a778-2be8f62a09ce"
    },
    "player (13)": {
      "__uuid__": "a0cc62c9-6317-4bb3-9f14-2310eaf21817"
    },
    "player (14)": {
      "__uuid__": "b3a8a13e-003b-4c3e-a131-52476a95ba44"
    },
    "player (15)": {
      "__uuid__": "49d1e36f-ae84-44f1-b5f9-b4beb73047ef"
    },
    "player (16)": {
      "__uuid__": "fb8de900-5542-4b16-ba48-bf380ad1e448"
    },
    "player (17)": {
      "__uuid__": "9c0b5bf1-7db9-4400-9e9f-bf506b447f1f"
    },
    "player (18)": {
      "__uuid__": "98d5388c-995e-484e-bb5c-39d4119a7aff"
    },
    "player (19)": {
      "__uuid__": "f1a8124f-8aca-420e-abc9-e44f9544d453"
    },
    "player (2)": {
      "__uuid__": "412a82b9-6e69-4edd-a106-7e10d9f3f603"
    },
    "player (3)": {
      "__uuid__": "58ae53cb-5c3e-4b8a-8cad-282f015a3a16"
    },
    "player (4)": {
      "__uuid__": "b62251de-efe5-4fbd-9788-ae77c80fac76"
    },
    "player (5)": {
      "__uuid__": "942c515c-c6e5-400c-8b18-6194f39cdb8a"
    },
    "player (6)": {
      "__uuid__": "3f4017cc-7626-4232-9c71-8927a88dbc2f"
    },
    "player (7)": {
      "__uuid__": "481f8941-d2a4-4b99-8a13-9379d7267ea9"
    },
    "player (8)": {
      "__uuid__": "735ddc4a-8165-4492-98e3-326cc2e8101e"
    },
    "player (9)": {
      "__uuid__": "6cce98d3-5dca-40f9-bf40-cbd020cd07ca"
    }
  }
}